192,KANDY Pharmacy,718243071,"368, Baseline Road Dematagoda Colombo - 09",Colombo
193,ORIENT PHARMACY,770117951,"6&8,KOTAHENA STREET,KOTAHENA",Colombo
194,Gagana Pharmacy,362234337,"No.06, Yatiyanthota Road, Avissawella",Colombo
195,Rajya Osusala,362222501,"40, Colombo Rd, Avissawella",Colombo
196,Food City -Avissawella,362232661,"91/1, Rathnapura Road, Avissawella",Colombo
197,New Mahajana Pharmacy,NaN,365671275,Colombo
198,Elite Pharmacy,112788197,"No.490/A, Thalangama North, Battaramulla",Colombo
199,"Healthguard Pharmacies, Thalawathugoda",711528800,"708/A, Madiwela Road, Thalawathugoda",Colombo
200,Nawala Chemist,777218469,"No.565, Nawala Road, Koswattha, Rajagiriya",Colombo
201,Reward Pharmacy & Grocery,714433970,"977/6c, Pannipitya Road, Palawatta, Battaramulla",Colombo
202,Suwahasa,717339173,"No: 285, Pannipitiya Road,Pelawatta",Colombo
203,New Koswatta Chemist,112791717,"250/B, Kaduwela Road, Koswatta",Colombo
204,Isuru Pharmacy,716225095,"107B, Main Street, Battaramulla",Colombo
205,Nawala Pharma,112873758,"No. 509/2, Nawala Road, Koswaththa, Rajagiriya",Colombo
206,Pelawatte Pharmacy,713270894,"No. 297, Pannipitiya Road, Thalangama South, Battaramulla",Colombo
207,Food City -Koswatte,112789556,"290, Kaduwela Road, Koswatta",Colombo
208,Lakshi Pharmacy,115245373,"600, pannipitiya Rd, Thalawathugoda.",Colombo
209,Apco Pharmacy,777888073,"No.10, Pangngananda Mawatha, Colombo 15",Colombo
210,B well Pharmacy,773470446,"164,Galle Rd, Col 04",Colombo
211,Bambalapitiya Pharmacy,112591822,"No 21, Galle Road, Colombo 4",Colombo
212,Ceylon Medical,115529767,"4 B, Fusseis Lane, Wellawatha, Colombo 6",Colombo
213,Elvitigala Pharmacy,777780850,"No.286, Nagalagam Street, Colombo-14.",Colombo
214,Friends Pharmaa II,112515929,"31, Highlevel Road, Kirulapone, Colombo 06",Colombo
215,Guardian Drugs Pvt Ltd,112366691,"41, Hampdon Lane, Col 6",Colombo
216,Health Guard (Pvt) Ltd,NaN,764477888,Colombo
217,"Healthguard Pharmacies, Colombo 03",702105841,"415, Galle Road, Colombo 03",Colombo
218,"Healthguard Pharmacies, Colombo 07",750968608,"139/A, Dharmapala Mawatha, Colombo 07",Colombo
219,"Healthguard Pharmacies, Kirula",771359306,"229, Kirula Road, Colombo 05",Colombo
220,"Healthguard Pharmacies, Maitland Crescent",769362321,"41, Maitland Crescent, Colombo 7",Colombo
221,"Healthguard Pharmacies, Shangri La",750121139,"Shangri La Shopping Mall,1A, Center Rd, Colombo",Colombo
222,"Healthguard Pharmacies, Thimbirigasyaya",719106969,"391, Thimbirigasyaya Road, Colombo 05",Colombo
223,Healthnet International (Pvt) Ltd.,776281957,"30/4, Park Road, Colombo 5.",Colombo
224,Highlevel Pharmacy,NaN,775432206,Colombo
225,Jampattah Pharmacy,713383433,"No.113, Jampattah Street, Colombo 13",Colombo
226,Kamazu Pvt Ltd,112437415,"135, College St, Off 16th Lane, Kotahena",Colombo
227,Kirula Pharmacy (Pvt) Ltd,714105257,136/4 high level rd colombo,Colombo
228,Kotahena Chemist,766025656,"No.58, Bonjean Road, Colombo 13",Colombo
229,Madanayaka Pharmacy,NaN,770211391,Colombo
230,Mangal Medicals,778002342,"No.19, Grand Pass Road, Colombo 14",Colombo
231,Markss HLC (Pvt) Ltd,NaN,719326998,Colombo
232,Maxx Pharmacy,773549639,"No.49, Olcott Mawatha, Colombo 11",Colombo
233,Medimax Pharmacy,117209970,"45,Highlevel Rd, Kirulapona",Colombo
234,Mega Pharmacy,779179900,"350 A, Galle Road, Wellawatta",Colombo
235,Nakeel Pharmacy(Pvt0 Ltd,112559915,"144/1,Thimbirigasyaya Rd,Colombo 05",Colombo
236,Nawaloka Care Pharmacy,779060664,"Nawaloka Primier Wellness Center,6 Maitland Crescent,Col7",Colombo
237,Nawaloka Hospital Pharmacy,775577111,"Desamanya HK Darmadasa Mw, Col 2",Colombo
238,New Mahadi Pharmacy (Pvt) Ltd,772732037,"63/A, Bankshall Street, Colombo 11.",Colombo
239,New Nations Pharmacy,112507836,"5, W A Silva Mw, Col 6",Colombo
240,New Pettah Pharmacy,112367509,"634/2C, Havelok Rd, Col 6",Colombo
241,New Pierson Pharmacy,112552366,"56,Thurstan Road,Col 3",Colombo
242,New Sapphire Medical,773413783,"No.300, Muthuwella Mawatha, Colombo 15",Colombo
243,Rajya Osusala,112697660,"LRH Premises, Borella",Colombo
244,Rajya Osusala,112328046,"63, Sri Baron Jayathilake Mw, Colombo 01",Colombo
245,Rajya Osusala,112559531,"85, Galle Road, Colombo 04",Colombo
246,Rajya Osusala,112699225,"255, Dharmapala Mawatha, Colombo 07.",Colombo
247,Rajya Osusala,112336926,"Railway Station Premises, Colombo Fort",Colombo
248,PKP Pharmacy,773989668,"No.04, Sounders Place, Colombo 12",Colombo
249,Safeway Center Pharmacy,778999007,"No.574, Dematagoda Road, Colombo 09",Colombo
250,Shine-A Pharma,NaN,777958999,Colombo
251,Shree Pharmacy,777851909,"Jampattah Street, Colombo 13",Colombo
252,Siri Medical Stores(Pvt)Ltd,112694842,"732a, Maradana Rd,Colombo 10.",Colombo
253,Sisira Pharmacy,NaN,770822798,Colombo
254,Talent Pharma,777231112,"02, D.S.Senanayaka Mawatha,Co 08.",Colombo
255,Union Chemist (Pvt) Ltd,NaN,773483484,Colombo
256,Union Chemists,112692532,Colombo 2,Colombo
257,Union chemists,112369827,Narahenpita,Colombo
258,USN Pharmacy,NaN,777719545,Colombo
259,Vaigee Pharmacy,112360270,"289A,Galle Rd,Col 6",Colombo
260,Wellawata Drugs,112505493,"122,Wa Silva Mw,Cpl 6",Colombo
261,Wellawatha Pharmacy,771629878,"222, Galle Road, Wellawatha, Colombo 6",Colombo
262,Wellawatta Medicals & groceries,112505213,"No, 01 St. Lawrence Road Wellawatta",Colombo
263,Wijaya Pharmacy,112199125,"107/2, Wijayakumaratunga Mawatha,Colombo 05",Colombo
264,Wellawatta Raj Pharmacy,112367180,"164,WA Silva Mw,Col 6",Colombo
265,CDEM Pharmacy,117446178,"No. 21, Norris Canal Rd, Colombo10.",Colombo
266,A Colombo Pharmacy,773771446,"UG 93,97, Peoples Park, Colombo 11",Colombo
267,J G Pharmacy,767323539,"389,Elvitigala Mawatha,Colombo 05",Colombo
268,Maura Pharmacy,716825991,"430/3 Maura Place, Havelock Road , Colombo 06",Colombo
269,Sahanco Pharmacy,772443807,"46,Baseline rd,Colombo 08",Colombo
270,Western pharmacy & super center,773746532,388/c baseline road damatagoda Colombo 09,Colombo
271,People's York Pharma,714811928,"123/H,E.W Perera Mw,Col 10",Colombo
272,Dhanwanthri Pharmacy,112362166,"382,Galle rd,Col 6",Colombo
273,Metro Pharmacy,779677655,"340,Galle rd,Col 6",Colombo
274,Asiri Surgical OPD pharmacy,773444021,21 - Kirimandala mawatha Colombo -05,Colombo
275,Asiri Central OPD pharmacy,773444021,"114 Noris cannal road, Colmbo -10",Colombo
276,A Baur & Co Pvt Ltd,768200100,"55,Grandpass rd, Col 14",Colombo
277,Asiri Medical OPD Pharmacy,774523300,"No. 181, Kirula Rd, Colombo",Colombo
278,Unichemist Pvt ltd,768899996,"347,Gall re,Colombo 06",Colombo
279,KPU PHARMACY,774805040,NO.31 SEA STREET COL-11,Colombo
280,New castle pharmacy,714266932,No 163 /a. Sri jayawardhnapura mawatha colombo 08,Colombo
281,Food City -Maradana,112696105,"585, Maradana Road, Maradana",Colombo
282,Food City -Norris cannal Road,112694267,"No. 25, Norris Canal Road , Colombo 10",Colombo
283,Turnico Pharmacy,NaN,777910517,Colombo
284,Sun Lanka Pharmacy,773607475,"34/32A, Saranapala himi mawatha, Borella",Colombo
285,United Pharmacy,716848156,"343, Dematagoda Road, Colombo 9",Colombo
286,CITY MEDICALS,778014285,"471B, GALLE ROAD COL-06",Colombo
287,New Amman medicals,760560446,"106-A,Galle road Wellawatta",Colombo
288,Asian Pharma,777412752,"140 St.Sebastian Street, Colombo 12",Colombo
289,New Anikaa Pharmacy,779729223,"55, ananda Rajakaruna Mawatha, Colombo 10",Colombo
290,Prince Pharmacy,7777116497,"217, Messenger street, Colombo 12",Colombo
291,New Rex Pharmacy,776006686,"61-A, St. Joseph street, Colombo 14",Colombo
292,Niyon Medical,112424632,"51/53,Bankshall street, Colombo 11",Colombo
293,Sumo Pharmacy,112458969,"45/A, Kotahena street, Colombo 13",Colombo
294,Presty Medicals,112325488,"B3.G1, Ramya Place, Maligawatta, Colombo",Colombo
295,Health Link Pharma,777379271,"317, Jathikapola, Narahenpita, Colombo 05",Colombo
296,Friends Pharmaa I,112512061,"2/24, High level road, Kirulapona, Colombo 06",Colombo
297,RK Phama,775347143,"120, Sangamitha mawatha, Kotahena, Colombo 13",Colombo
298,Sricares Pharma Pvt Ltd,NaN,42/1 andival Street Colombo 13,Colombo
299,Eraj pharmacy,771936484,"96-1/10,consistory building ,front street,colombo 11",Colombo
300,Medvision pharmacy,777859898,"396A,Galle road,wellawatta,colombo 6",Colombo
301,New Orchid pharmacy,777545746,"19/16B,Farm Road,Mattakuliya,Colombo 15",Colombo
302,High Level pharmacy and Grocery,775432203,"No 205,Thimbirigasyaya Road,Colombo 5",Colombo
303,Ketharama Pharmacy,NaN,"765/119,Bodhirajarama Mawatha, Colombo 10.",Colombo
304,Globe medical,777111723,"No 69,Bonjean Road,Kotahena ,colombo 13",Colombo
305,Amami pharmacy,783979951,"65,high level road,kirulapana,colombo",Colombo
306,Asiri Pharmacy,714296668,"168/4/A, Borella Rd, Godagama",Colombo
307,Asiri Pharmacy,774785616,Godagama,Colombo
308,Kmp Pharmacy,115656994,"159/5 Horana Road,Kottawa",Colombo
309,Madawa Pharmacy,707512103,Meegoda,Colombo
310,Meegoda Medi House,112752455,"487/1A, Highlevel Rd, Meegoda,",Colombo
311,New T&N Chemist Pharmacy,712822021,31 Station Road Homagama,Colombo
312,Rupa,112748918,"190/A, Katuwana Rd, Uduwana, Homagama",Colombo
313,Samadhi pharmacy,779493700,"178/1/C, Borella Rd, Godagama,",Colombo
314,Sudhasinghe Pharmacy,712188451,"541/B, Kiribeariya Junction, Pitipana North, Homagama",Colombo
315,Suwahasa Pharmacy,788162289,"92/C, Avissawella Rd, Homagama",Colombo
316,Swasatha Pharmacy,719013009,20 Katuwana Road Homagama,Colombo
317,Thunsetha,777009060,"138/1, Katuwana Rd, Homagama",Colombo
318,Homagama Pharmacy (Pvt) Ltd,714094154,"88, Station Road. Homagama.",Colombo
319,Gamage Pharmacy,112086841,"No: 45, Katuwana Road, Homagama.",Colombo
320,Janadeepa Pharmacy,714119288,"172/3, Hospital Junction, Homagama",Colombo
321,Food city -Homagama 2,112086507,"NO.100, Highlevel Road, Homagama",Colombo
322,Food City -Kottawa 1,112783137,"87 , High level Road , Kottawa .",Colombo
323,Food City -Kottawa 2,112088811,"No. 867, High level Road,Kottawa.",Colombo
324,SUNETHRA PHARMACY - pitipana,NaN,"No.329,pitipana,junction,Homagama",Colombo
325,Omedco pharmacy,773880513,"438/2, kottawa Road, kithulahena , Mattegoda",Colombo
326,Be Well Pharmacy,714413475,"171/G, Sumanathissa Mawatha, Karathota, Kaduwela",Colombo
327,Central Pharmacy,779217086,Athurugiriya,Colombo
328,Central Pharmacy,112875711,"No.252/A, Koswatte, Thalangama",Colombo
329,Elite Pharmacy,NaN,779993388,Colombo
330,Medico Holding Pharmacy,112885782,"366/1,Kaduwela Road,Battaramulla",Colombo
331,Nawaloka Care Pharmacy,765586066,"150,Main Street,Battaramulla",Colombo
332,New Hasara City Medical,767341342,"53/10, Main Street, Athurugiriya",Colombo
333,Okmed,719141337,"440/A, Avissawella Rd, Kaduwela",Colombo
334,Okmed Pharmacy,719141337,440 A Avissawella Road Kaduwela,Colombo
335,Oshadhi Pharmacy,773549685,Arangala,Colombo
336,Rokem,NaN,"Metro Central Shopping Complex, Athurugiriya Rd, Malambe.",Colombo
337,Rokem Pharmacy,112762968,"Metro Center Shopping Complex Athugiriya Road, Malabe",Colombo
338,Saviru Pharmacy,727224422,"67/E, Main Street, Kaduwela",Colombo
339,Starx Pharmacy,778119481,"5c, Weliwita, Kaduwela",Colombo
340,T & N Life Care,713922021,"38, Pannipitiya Rd, Battaramulla",Colombo
341,Thumsetha Pharmacy (Pvt) Ltd.,777009060,"No.258/37A, Kahanthota Road, Malabe.",Colombo
342,SNS Pharmacy,112771707,"1593, Kaduwela Road, Aturugiriya",Colombo
343,Kotikawatta Pharmacy,112419078,"16,Kotikawatta Super Market,Kotikawatta",Colombo
344,Imedo Pharmacy,718941392,"No.243/1B Kahanthote road, Malabe",Colombo
345,Lakmini Pharmacy,112760548,"75/2, Godagama Road, Athurugiriya",Colombo
346,Care Max pharmacy,NaN,No 60 Denzil kobbakaduwa MW Koswatta Battaramulla,Colombo
347,Onel pharmacy,781403318,139/d kothalawala kaduwela,Colombo
348,Neynuja Pharmacy,778112367,114/1/1 Highlevel Road Kottawa,Colombo
349,Central Pharmacy & Grocery,714347091,"No.21, High Level Rd, Maharagama",Colombo
350,CFC Healthcare,759484811,"531, Keels Super, Capital Wall, Madiwela Rd, Thalawathugoda",Colombo
351,City Health Pharmacy,112773277,"737, Pannipitiya Road, Thalawathugoda",Colombo
352,City Pharma 1,773811720,Maharagama,Colombo
353,City Pharmacy,112837086,"115/A High Level Road, Maharagama",Colombo
354,Gagana Pharmacy,114019677,"104/1/A, Moraketiya, Pannipitiya",Colombo
355,Jeewaka,NaN,"20, Kotte Rd, Thalawathugoda",Colombo
356,Kingsbury Pharmacy,NaN,213/B Pannipitiya Road Thalawathugoda,Colombo
357,Mahajana Nursing Home Pharmacy,112898333,"27/2, Rukmalgama, Pannipitiya. AND Dikhathakma, Meegoda",Colombo
358,Mars Pharmacy,718174189,Kottawa,Colombo
359,Minara Pharmacy,112840344,"181, Old Kottawa Road, Nawinna",Colombo
360,Nawarathne Mediline,NaN,"70/1, Pamunuwa, Maharagama",Colombo
361,Rajya Osusala,112745640,"71/A, Alwis Plaza, Old Road, Maharagama",Colombo
362,Promed Pharmacy,NaN,"23/1, Hokandara Road, Kalallhoda, Pannipitiya",Colombo
363,Saparo Pharmacy,714128488,"No 06D, Piliyandala Rd, Maharagama",Colombo
364,Shani Pharmacy,NaN,718720984,Colombo
365,Suwahasa Pharmacy,785011817,"423, Old Road, Moraketiya, Pannipitiya.",Colombo
366,Suwaya Chemists,NaN,718193844,Colombo
367,Suwelka Pharmacy,770617855,Kottawa,Colombo
368,Thanuja Pharmacy,NaN,777218539,Colombo
369,tharindu pharmacy,112897659,"01, Super Market, Dehiwala Rd, Maharagama",Colombo
370,Jeewaka Pharmacy,NaN,713032956,Colombo
371,Kingsbury,716464345,"No: 213/B/2, Pannipitiya Road, Thalawathugoda",Colombo
372,City pharmacy & grocery,773811730,"115 A highlevel road, maharagama",Colombo
373,Food City -Wijerama2,112804815,"562 564, Colombo Road, Gangodawila",Colombo
374,Food city - Pannipitiya,112561584,"No.1499/A, Vidyala Junction, Hokandara Rd, Pannipitiya",Colombo
375,Food city Express Godigamuwa,112160673,"No 263, Piliyandala Road, Godigamuwa North, Maharagama.",Colombo
376,City Pharmacy & Grocery,112847941,"159C, High level road, Maharagama",Colombo
377,Uni Chemist Pharmacy,772103464,"429, Hokandara road, Moraketiya, Pannipitiya",Colombo
378,NaN,NaN,"No. 128, D/3, High level road, Kottawa",Colombo
379,Sunethra pharmacy kottawa,713735108,"No -128 ,D/3,High level road,Kottawa",Colombo
380,MEDITERAN PHARMACY,774777580,"No,214, Old Rd, Pannipitiya.",Colombo
381,Arogya Osusala,771767260,"No.3, Charles Place, Rawatawatta, Moratuwa",Colombo
382,City Medical,774785643,NaN,Colombo
383,Multiphar pharmacy,777636263,Soysapura - Moratuwa,Colombo
384,Multyfa,773847837,"164/2F, De Soysapura, Moratuwa",Colombo
385,Multyfa Dispensing Chemist Druggist & Grocers,762558563,"No.164/2F , De Soysapura Housing Scheme, Moratuwa",Colombo
386,Nethmini Pharmacy,NaN,776750699,Colombo
387,New Neth Pharmacy,774551764,"164C, Soysa Flats, Moraruwa",Colombo
388,New Omed Pharmacy,713362149,"279C, Galle Rd, Moratuwa",Colombo
389,Peoples Medicals,777675980,"28, Moratumulla South, Puwakaramba Junction, Moratuwa.",Colombo
390,Sisila Chemists,NaN,777636502,Colombo
391,Victory Pharmacy,NaN,773030411,Colombo
392,Medihelp Pharmacy Moratuwa,117454545,"No 246, Galle Road, Idama, Moratuwa",Colombo
393,JMS Pharmacy,778099415,"22,bandaranayake Mawatha,Katubedda.",Colombo
394,Katubedda Pharmacy (Pvt0 Ltd,774523946,"560,galle Rd,Katubedda,moratuwa",Colombo
395,Premier Pharmacy,112642304,"292,Galle Rd,Rawathawaththa,Moratuwa.",Colombo
396,Shareez Pharmacy,777799737,"38D,Main Street,moratuwa.",Colombo
397,Sumudu Pharmacy,719733840,"43/1/1,Bandaranayaka mawatha,Katubedda",Colombo
398,Thinethsa Pharmacy,NaN,112648245,Colombo
399,Osura Pharmacy,777844606,"408/B, Rawatawaththa Moratuwa",Colombo
400,The White Cliff Associates (Pvt) Ltd,703179670,"No.16, Keels Super, St Peters Road, Moratuwa",Colombo
401,Deegayu Pharmacy Pvt Ltd,NaN,"No. 104/A,Charls Place,Lunawa, Moratuwa",Colombo
402,PRANAK pharmacy,777646061,"No 127,New Galle Road ,Moratuwa",Colombo
403,Damyuru Pharmacy and Grocery,711186236,"No 54/B,Templer's Road,Mount lavinia",Colombo
404,Pharm House Pharmacy,773013306,"No 441,Galle Road,Mount lavinia",Colombo
405,Chandana Pharmacy,778491020,Ambuldeniya,Colombo
406,City Pharmacy (Pvt) Ltd,NaN,772993306,Colombo
407,Dewmini Pharmacy and Grocery,773468275,"No. 330/2, Old Kottawa Road, Embuldeniya, Nugegoda.",Colombo
408,"Healthguard Pharmacies, Nawala",774661618,"267A, Nawala Road, Nugegoda",Colombo
409,"Healthguard Pharmacies, Nugegoda",775176355,"253B, Stanley Thilakarathne Mw, Nugegoda",Colombo
410,Nugegoda pharmacy,NaN,776731211,Colombo
411,Oselro Pharamacy & Grocery,NaN,"156/C Hight Levele Road, Nugegoda",Colombo
412,Rajya Osusala,112856641,"151, S. de S. Jayasinghe Mw, Nugegoda",Colombo
413,Saca Pharmacy,777454634,36 Obeyasekera Pura Rajageriya,Colombo
414,Sam Pharmacy,NaN,716842416,Colombo
415,Sams Pharmacy (pvt) Ltd,NaN,716842416,Colombo
416,Sirota Pharmacy,777605047,"No.24 Narahenpita Road, Nawala",Colombo
417,Sunethra Pharmacy,112841068,"No 293/8 B, Thalapathpitiya Road, Nugegoda",Colombo
418,Suwajaya Pharmacy,773831669,"256, Kotte Rd, Nugegoda.",Colombo
419,T.& N Chemist,NaN,6/4 Soratha Mawatha Gangodawila Nugagoda,Colombo
420,Waruna Pharmacy,NaN,493/2 Highlavel Road Delkanda Nugagoda,Colombo
421,Winlanka Hospital,112811767,"129, SDS Jayasinghe Mawatha, Kohuwala",Colombo
422,Highlevel Pharmacy and Grocery,112827483,"No 165/1A, S.De.S Jayasinghe Mawatha , Nugegoda",Colombo
423,Deepal Pharmacy,774307090,"192A1,High Level Rd,nugegoda.",Colombo
424,Sarasavi pharmacy,761945631,"6/3,Soratha Nahimi Mawatha,Gangodawila,Nugegoda",Colombo
425,Suprym Pharmacy,777897234,"1a Jubilee post,Mirihana,Nugegoda",Colombo
426,Nawala pharma,112873758,"509/2 Nawala Road , koswaththa, Rajagiriya",Colombo
427,Food City -Nugegoda2,112769420,"79, Stanly Thilakarathna Mawatha, Nugegoda",Colombo
428,Re Pharmacy,112812166,NaN,Colombo
429,Rajya Osusala,NaN,"Sri Jayawardanapura Hospital, Thalapathpitiya, Nugegoda",Colombo
430,Rite Aid Pharmacy,771077388,"No 25,Keells Edmonton Road,Colombo 5",Colombo
431,Central Pharmacy,773982379,"No.01, Ingiriya Road, Padukka.",Colombo
432,Super Care Pharmacy,714811324,"17/B, Horana Road, Honnanthara, Polgasowita",Colombo
433,Medilanka Pharmacy,112709304,"209,Bokundara, Piliyndala",Colombo
434,Oselka Pharmacy,NaN,"29, Colombo Road, Piliyandala",Colombo
435,Rajya Osusala,112613640,"1A/21, Vidyala Mw, Piliyandala",Colombo
436,Osusiri Pharmacy,775925234,"248/1a, Horana Road, Miriswatte, Piliyandala",Colombo
437,Ruchika Pharmacy,112707708,"136/4, Madapatha Road, Batakettara",Colombo
438,Samedka Pharmacy,NaN,4 Supermarket Buliding Pilyandala,Colombo
439,Sethmi Pharmacy,112848274,484/2/1a Arawwala Pinnapitiya,Colombo
440,Upeksha Pharmacy,772929810,"68/3,Batuwandara, Madapatha, Bandaragama Road",Colombo
441,Medihelp Pharmacy Piliyandala,115289591,"No 100, Colombo Road, Piliyandala",Colombo
442,Southern pharmacy & grocery,112618777,"35A, Vidyala Mawatha,Piliyandala",Colombo
443,Nawaloka Care Pharmacy,778996066,"220/1,Bandaragama rd,Kesbewa",Colombo
444,Food city Express Siddamulla,112601136,"No: 77, Sangarama Road,Siddamulla,Piliyandala.",Colombo
445,IPC Pharmacy & Grocery,777179162,"136/2, Sikuradapola Junction, Palanwatta, Pannipitiya",Colombo
446,S.O.S. PHARMACY,NaN,"61, HORANA ROAD,PILIYANDALA",Colombo
447,Osujaya pharmacy,773259596,"No 45/3,Makuluduwa,Piliyandala",Colombo
448,"Healthguard Pharmacies, Ethulkotte",767420270,"857/A, Kotte Road, Ethulkotte, Kotte",Colombo
449,"Healthguard Pharmacies, Pitakotte II",703777320,"130/A, DECCA Building, Pagoda Road, Pitakotte",Colombo
450,Home Town Chemists,728367213,Pitakotte,Colombo
451,My Chemists (Pvt) Ltd,112873007,"1444/B, Kotte Rd, Rajagiriya",Colombo
452,New Nawala Chemist,114404104,"565, Nawala Road, Rajagiriya",Colombo
453,Pharmacy One (Pvt) Ltd,719352707,"10,Talawatugoda Rd, Pitakotte",Colombo
454,Ruwan Pharmacy,NaN,711607919,Colombo
455,Sigma Pharmacy,772833570,Pitakotte,Colombo
456,Wikrama Pharmacy,112077686,"No.228/B, Nawal Road, Rajagiriya",Colombo
457,Wickrama Pharmacy,719225334,"No. 328 B, Nawala Road, Rajagiriya",Colombo
458,Welikada Chemist,777367264,"No. 1304, Kotte Road, Welikada",Colombo
459,Lanka Pharmcay,773121706,"No. 1374, Kotte Road, Rajagiriya",Colombo
460,Nimsuwa Pharmacy,761331465,"458/A , Thalawathugoda Road,Madiwela,Kotte.",Colombo
461,Peoples care Pharmacy,112074950,"132b, Old kotte rd, Welikada, Rajagiriya",Colombo
462,Ceymed Healthcare Services (Pvt). Ltd.,NaN,114312777,Colombo
463,City Pharmacy,777151589,"433 E/5, Galle Road, Rathmalana",Colombo
464,DNP Mediline Pharmacy,777192600,"No.337 B, Galle Road, Mount Lavina",Colombo
465,Healthcare Pharmacy,716822440,"No.101 D, Galle Road, Mount Lavinia",Colombo
466,Medi Trust Pharmacy,774570090,"No.77, Hospital Road, Dehiwala",Colombo
467,Ourpharma,773431934,"No.68, Galle Road, Dehiwala",Colombo
468,Pano Pharmacy,775346115,"No. 12, Nikape Road, Nedimala, Dehiwala",Colombo
469,Prasan Pharmacy,774849435,"Atthidiya, Dehiwala",Colombo
470,Ranseth Pharmacy & Grocery,767851972,"No.316 A, Hospital Rd, Kalubowila",Colombo
471,South Chemist,716842887,"No.25, S.De.S.Jayasinghe Mawatha,Kalubowila",Colombo
472,Susiri Pharmacy,714477876,Dehiwala,Colombo
473,"Healthguard Pharmacies, Hill Street",703777224,"190A, D.B. Jayathilake Mawatha (Hill Street) Dehiwala",Colombo
474,"Healthguard Pharmacies, Kohuwala",772605626,"39, Dutugemunu Street, Kohuwala",Colombo
475,Union Chemists,112764520,Kalubowila,Colombo
476,Dharshana Pharmacy,NaN,115657657,Colombo
477,South Chemsists,NaN,768472887,Colombo
478,Safeway Pharmacy,766996565,"No. 135 C, Galle Road, Dehiwala",Colombo
479,Mediunion Pharmacy,777374566,"No.149,7A Main road, Attidiya, Dehiwala",Colombo
480,Ronimco Pharmacy,112623308,"No. 77C Borupana Rd., Rathmalana",Colombo
481,Shewins Pharmacy,112653884,"No. 306C, Galle Road, Rathmalana",Colombo
482,Pano Pharmacy,775346115,"No 12, Nikape Road, Nedimala , Dehiwala",Colombo
483,Aroka Medical,777202560,"No: 344, Hospital Road, Kalubowila",Colombo
484,Medi Care Innovattions (Pvt) Ltd,767481817,"244A, Hill street, Dehiwala",Colombo
485,Samurdhi Pharmacy,776025282,"11, Station road, Dehiwala",Colombo
486,Good Life Pharmacy,776078843,"No.171/b, Aththidiya Rd, dehiwala",Colombo
487,Bhagya Pharmacy & Grocery,112622040,"451, Galle road, Rathmalana",Colombo
488,Medicare Innovation Pvt. Ltd.,112726390,"244A Hill street,Dehiwala",Colombo
489,Ashi Pharmacy,768485205,"97, Kawdana road, Dehiwala",Colombo
490,Mount City Medicals Pvt. Ltd.,773480919,"162C Galle Road, Dehiwala",Colombo
491,Nikape Pharmacy,NaN,"47C, Nikape road, Dehiwala",Colombo
492,Master spot,112737123,193A Galle road Dehiwala,Colombo
493,Dehiwala pharmacy,NaN,88D Galle Road Dehiwala,Colombo
494,Megadrugs Pharmacy & Grocery,774483377,"No:10, Dutugemunu Street, Pamankada, Dehiwala.",Colombo
495,Life pharmacy,714477876,"No 73,Galle Road,Dehiwala",Colombo
496,megaa pharmacy,NaN,20/A.Galle Road Dhiwela.,Colombo
497,Madara pharmacy,NaN,"No 196/A,Galle Road,Dehiwala",Colombo
498,Elwis,777702201,"Horana Rd, Kahathuduwa",Colombo
499,Mattegoda,772012980,"193/15/4, Bandaranayakapura, Mattegoda",Colombo
500,SKS Pharmacy,718675819,Polgasowita,Colombo
501,Sajeevi Pharmacy,715597303,"7b, Rilawala, Polgasowita.",Colombo
502,Food City -Mattegoda,112178420,"146/83, Salmal Pedesa, Mattegoda",Colombo
503,Chathusanda Pharmacy,716901205,"217/A, Ambagas Junction, Kiriwaththuduwa, Homagama",Colombo
504,Drug City,777332644,"27, Hospital junction, Mulleriyawa,",Colombo
505,Flemingo Pharmacy,112410870,"No.55, Kolonnawa Rd, Gothatuwa New Town",Colombo
506,Lanka,711350531,"41, Kohilawatta, Angoda",Colombo
507,Milleniam,777726496,"400, Kolonnawa Rd, Kolonnawa",Colombo
508,Nadee Chemist,71150405,"172/C, Himbutana, Mulleriyawa",Colombo
509,New Dimuthu Pharmacy (Dimuthu Osusala),112532540,"No.668, New Shopping complex, Awissawella Rd, Wellampitiya",Colombo
510,New Kolonnawa,774945880,"113, Kolonnawa Rd, Kolonnawa",Colombo
511,Starx Pharmacy,715196684,"245/4,Avissawella Road, Angoda",Colombo
512,Queen Pharmacy,112532666,"No: 268/A/1 , Kolonnawa Road, Gothatuwa.",Colombo
513,Food City -Kottikawatha 1,112569918,"No.250, IDH Rd, Kotikawatta.",Colombo
514,Wellampitiya pharmacy,771453825,"171, Awissawella road, Wellampitiya",Colombo
515,Gamlath pharmacy,771653680,218 kudabuthgamuwa Angoda,Colombo
516,Laksetha pharmacy,711548242,"420/1, Kolonnawa road, Kolonnawa.",Colombo
517,Sahana Chemists,NaN,773828851,Colombo
518,New City Medical,773449650,"No. 383 B, Galle Road, Rathmalana",Colombo
519,Sukitha Pharmacy & Clinic Pvt Ltd,112722515,"331,Galle Rd,Ratmalan",Colombo
520,Shewins Pharmacy,770423719,"306 C, Galle Road, Rathmalana",Colombo
521,Rajya Osusala,113043789,"Mega Sathosa, Golumadama Junction, Galle Road, Rathmalana",Colombo
522,Rajya Osusala,112044595,"University Hospital - KDU, Osusala - KDU, Werahara, Boralasgamuwa",Colombo
523,Dilanka Pharmacy,112150080,"228/1b, Dehiwala Para, Boralesgamuwa",Colombo
524,Niluka Pharmacy & Grocery,112518210,"75b, Katuwawala, Boralesgamuwa",Colombo
525,Rxd Pharmacy,772890886,"19/B, Colombo Road, Katuwawala, Boralesgamuwa",Colombo
526,Suwa Pharmacy & Grocery,112709436,"317/1, Bokundara, Piliyndala",Colombo
527,Sri Pharmaceuticals,112820228,381 Colombo Road Pepiliyana Borlesgamuwa,Colombo
528,Food city - Werahera,112509170,"Horana Rd, Boralesgamuwa",Colombo
529,Medcare pharmacy and grocery,NaN,"No 572,Maharagama road,borelasgamuwa",Colombo
530,Medcare pharmacy & grocery,779319500,"572, maharagama road Boralesgamuwa",Colombo
531,Dinuthi pharmacy,779285965,"59b,kasbawa road,boralesgamuwa",Colombo
532,New City Pharmacy,775421932,"No.59/B Rathnapura Rd, Awissawella",Colombo
533,Sabaragamuwa Pharmacy,773597492,30 Colombo Road Avisawella,Colombo
534,Food City - Hanwella,362253555,"138/2b,Colombo - Hanwella Loow Level Road,Hanwella",Colombo
535,Unique Pharmacy,766009862,"No 78/C, Colombo road, Awissawella",Colombo
536,Jaya Pharmacy,777416635,"14/B, Pahathgama, Hanwella",Colombo
537,New sarani pharmacy,766853349,"No.433/1 kahahena, waga",Colombo
538,JANANI pharmacy,763233559,"133.7.7 Colombo road,HANWELLA",Colombo
539,Healers pharmacy,NaN,"no 67, rathnapura rd, avissawella",Colombo
